-1.199999999999999956e+00,-4.000000000000000083e-02
-1.197999999999999954e+00,0.000000000000000000e+00
-1.195999999999999952e+00,-4.000000000000000083e-02
-1.193999999999999950e+00,0.000000000000000000e+00
-1.191999999999999948e+00,-4.000000000000000083e-02
-1.189999999999999947e+00,0.000000000000000000e+00
-1.187999999999999945e+00,-4.000000000000000083e-02
-1.185999999999999943e+00,0.000000000000000000e+00
-1.183999999999999941e+00,-4.000000000000000083e-02
-1.181999999999999940e+00,0.000000000000000000e+00
-1.179999999999999938e+00,0.000000000000000000e+00
-1.177999999999999936e+00,-4.000000000000000083e-02
-1.175999999999999934e+00,-4.000000000000000083e-02
-1.173999999999999932e+00,0.000000000000000000e+00
-1.171999999999999931e+00,-4.000000000000000083e-02
-1.169999999999999929e+00,0.000000000000000000e+00
-1.167999999999999927e+00,-4.000000000000000083e-02
-1.165999999999999925e+00,0.000000000000000000e+00
-1.163999999999999924e+00,-4.000000000000000083e-02
-1.161999999999999922e+00,0.000000000000000000e+00
-1.159999999999999920e+00,-4.000000000000000083e-02
-1.157999999999999918e+00,0.000000000000000000e+00
-1.155999999999999917e+00,0.000000000000000000e+00
-1.153999999999999915e+00,-4.000000000000000083e-02
-1.151999999999999913e+00,0.000000000000000000e+00
-1.149999999999999911e+00,-4.000000000000000083e-02
-1.147999999999999909e+00,0.000000000000000000e+00
-1.145999999999999908e+00,-4.000000000000000083e-02
-1.143999999999999906e+00,-4.000000000000000083e-02
-1.141999999999999904e+00,0.000000000000000000e+00
-1.139999999999999902e+00,-4.000000000000000083e-02
-1.137999999999999901e+00,0.000000000000000000e+00
-1.135999999999999899e+00,0.000000000000000000e+00
-1.133999999999999897e+00,-4.000000000000000083e-02
-1.131999999999999895e+00,-4.000000000000000083e-02
-1.129999999999999893e+00,0.000000000000000000e+00
-1.127999999999999892e+00,0.000000000000000000e+00
-1.125999999999999890e+00,-4.000000000000000083e-02
-1.123999999999999888e+00,-4.000000000000000083e-02
-1.121999999999999886e+00,0.000000000000000000e+00
-1.119999999999999885e+00,0.000000000000000000e+00
-1.117999999999999883e+00,-4.000000000000000083e-02
-1.115999999999999881e+00,-4.000000000000000083e-02
-1.113999999999999879e+00,0.000000000000000000e+00
-1.111999999999999877e+00,0.000000000000000000e+00
-1.109999999999999876e+00,-4.000000000000000083e-02
-1.107999999999999874e+00,-4.000000000000000083e-02
-1.105999999999999872e+00,0.000000000000000000e+00
-1.103999999999999870e+00,0.000000000000000000e+00
-1.101999999999999869e+00,-4.000000000000000083e-02
-1.099999999999999867e+00,0.000000000000000000e+00
-1.097999999999999865e+00,-4.000000000000000083e-02
-1.095999999999999863e+00,-4.000000000000000083e-02
-1.093999999999999861e+00,0.000000000000000000e+00
-1.091999999999999860e+00,0.000000000000000000e+00
-1.089999999999999858e+00,-4.000000000000000083e-02
-1.087999999999999856e+00,-4.000000000000000083e-02
-1.085999999999999854e+00,0.000000000000000000e+00
-1.083999999999999853e+00,0.000000000000000000e+00
-1.081999999999999851e+00,-4.000000000000000083e-02
-1.080000000000000071e+00,0.000000000000000000e+00
-1.077999999999999847e+00,-4.000000000000000083e-02
-1.076000000000000068e+00,0.000000000000000000e+00
-1.073999999999999844e+00,-4.000000000000000083e-02
-1.072000000000000064e+00,-4.000000000000000083e-02
-1.069999999999999840e+00,0.000000000000000000e+00
-1.068000000000000060e+00,-4.000000000000000083e-02
-1.065999999999999837e+00,0.000000000000000000e+00
-1.064000000000000057e+00,-4.000000000000000083e-02
-1.061999999999999833e+00,0.000000000000000000e+00
-1.060000000000000053e+00,-4.000000000000000083e-02
-1.057999999999999829e+00,0.000000000000000000e+00
-1.056000000000000050e+00,-4.000000000000000083e-02
-1.054000000000000048e+00,0.000000000000000000e+00
-1.052000000000000046e+00,-4.000000000000000083e-02
-1.050000000000000044e+00,0.000000000000000000e+00
-1.048000000000000043e+00,0.000000000000000000e+00
-1.046000000000000041e+00,-4.000000000000000083e-02
-1.044000000000000039e+00,-4.000000000000000083e-02
-1.042000000000000037e+00,0.000000000000000000e+00
-1.040000000000000036e+00,0.000000000000000000e+00
-1.038000000000000034e+00,-4.000000000000000083e-02
-1.036000000000000032e+00,-4.000000000000000083e-02
-1.034000000000000030e+00,0.000000000000000000e+00
-1.032000000000000028e+00,-4.000000000000000083e-02
-1.030000000000000027e+00,0.000000000000000000e+00
-1.028000000000000025e+00,-4.000000000000000083e-02
-1.026000000000000023e+00,0.000000000000000000e+00
-1.024000000000000021e+00,-4.000000000000000083e-02
-1.022000000000000020e+00,0.000000000000000000e+00
-1.020000000000000018e+00,-4.000000000000000083e-02
-1.018000000000000016e+00,0.000000000000000000e+00
-1.016000000000000014e+00,-4.000000000000000083e-02
-1.014000000000000012e+00,0.000000000000000000e+00
-1.012000000000000011e+00,-4.000000000000000083e-02
-1.010000000000000009e+00,0.000000000000000000e+00
-1.008000000000000007e+00,-4.000000000000000083e-02
-1.006000000000000005e+00,0.000000000000000000e+00
-1.004000000000000004e+00,-4.000000000000000083e-02
-1.002000000000000002e+00,0.000000000000000000e+00
-1.000000000000000000e+00,-4.000000000000000083e-02
-9.979999999999999982e-01,0.000000000000000000e+00
-9.959999999999999964e-01,-4.000000000000000083e-02
-9.939999999999999947e-01,0.000000000000000000e+00
-9.919999999999999929e-01,0.000000000000000000e+00
-9.899999999999999911e-01,-4.000000000000000083e-02
-9.879999999999999893e-01,0.000000000000000000e+00
-9.859999999999999876e-01,-4.000000000000000083e-02
-9.839999999999999858e-01,0.000000000000000000e+00
-9.819999999999999840e-01,-4.000000000000000083e-02
-9.799999999999999822e-01,-4.000000000000000083e-02
-9.779999999999999805e-01,0.000000000000000000e+00
-9.759999999999999787e-01,-4.000000000000000083e-02
-9.739999999999999769e-01,0.000000000000000000e+00
-9.719999999999999751e-01,-4.000000000000000083e-02
-9.699999999999999734e-01,0.000000000000000000e+00
-9.679999999999999716e-01,-4.000000000000000083e-02
-9.659999999999999698e-01,0.000000000000000000e+00
-9.639999999999999680e-01,-4.000000000000000083e-02
-9.619999999999999662e-01,0.000000000000000000e+00
-9.599999999999999645e-01,0.000000000000000000e+00
-9.579999999999999627e-01,-4.000000000000000083e-02
-9.559999999999999609e-01,0.000000000000000000e+00
-9.539999999999999591e-01,-4.000000000000000083e-02
-9.519999999999999574e-01,-4.000000000000000083e-02
-9.499999999999999556e-01,0.000000000000000000e+00
-9.479999999999999538e-01,-4.000000000000000083e-02
-9.459999999999999520e-01,0.000000000000000000e+00
-9.439999999999999503e-01,-4.000000000000000083e-02
-9.419999999999999485e-01,0.000000000000000000e+00
-9.399999999999999467e-01,-4.000000000000000083e-02
-9.379999999999999449e-01,0.000000000000000000e+00
-9.359999999999999432e-01,-4.000000000000000083e-02
-9.339999999999999414e-01,0.000000000000000000e+00
-9.319999999999999396e-01,0.000000000000000000e+00
-9.299999999999999378e-01,-4.000000000000000083e-02
-9.279999999999999361e-01,-4.000000000000000083e-02
-9.259999999999999343e-01,0.000000000000000000e+00
-9.239999999999999325e-01,-4.000000000000000083e-02
-9.219999999999999307e-01,0.000000000000000000e+00
-9.199999999999999289e-01,-4.000000000000000083e-02
-9.179999999999999272e-01,0.000000000000000000e+00
-9.159999999999999254e-01,-4.000000000000000083e-02
-9.139999999999999236e-01,0.000000000000000000e+00
-9.119999999999999218e-01,-4.000000000000000083e-02
-9.099999999999999201e-01,0.000000000000000000e+00
-9.079999999999999183e-01,-4.000000000000000083e-02
-9.059999999999999165e-01,0.000000000000000000e+00
-9.039999999999999147e-01,-4.000000000000000083e-02
-9.019999999999999130e-01,0.000000000000000000e+00
-8.999999999999999112e-01,-4.000000000000000083e-02
-8.979999999999999094e-01,0.000000000000000000e+00
-8.959999999999999076e-01,-4.000000000000000083e-02
-8.939999999999999059e-01,0.000000000000000000e+00
-8.919999999999999041e-01,-4.000000000000000083e-02
-8.899999999999999023e-01,0.000000000000000000e+00
-8.879999999999999005e-01,-4.000000000000000083e-02
-8.859999999999998987e-01,0.000000000000000000e+00
-8.839999999999998970e-01,-4.000000000000000083e-02
-8.819999999999998952e-01,0.000000000000000000e+00
-8.799999999999998934e-01,-4.000000000000000083e-02
-8.779999999999998916e-01,0.000000000000000000e+00
-8.759999999999998899e-01,0.000000000000000000e+00
-8.739999999999998881e-01,-4.000000000000000083e-02
-8.719999999999998863e-01,-4.000000000000000083e-02
-8.699999999999998845e-01,0.000000000000000000e+00
-8.679999999999998828e-01,-4.000000000000000083e-02
-8.659999999999998810e-01,0.000000000000000000e+00
-8.639999999999998792e-01,-4.000000000000000083e-02
-8.619999999999998774e-01,0.000000000000000000e+00
-8.599999999999998757e-01,-4.000000000000000083e-02
-8.579999999999998739e-01,0.000000000000000000e+00
-8.559999999999998721e-01,-4.000000000000000083e-02
-8.539999999999998703e-01,0.000000000000000000e+00
-8.519999999999998685e-01,-4.000000000000000083e-02
-8.499999999999998668e-01,0.000000000000000000e+00
-8.479999999999999760e-01,-4.000000000000000083e-02
-8.459999999999999742e-01,0.000000000000000000e+00
-8.439999999999999725e-01,0.000000000000000000e+00
-8.419999999999999707e-01,-4.000000000000000083e-02
-8.399999999999999689e-01,-4.000000000000000083e-02
-8.379999999999999671e-01,0.000000000000000000e+00
-8.359999999999999654e-01,-4.000000000000000083e-02
-8.339999999999999636e-01,0.000000000000000000e+00
-8.319999999999999618e-01,0.000000000000000000e+00
-8.299999999999999600e-01,-4.000000000000000083e-02
-8.279999999999999583e-01,0.000000000000000000e+00
-8.259999999999999565e-01,-4.000000000000000083e-02
-8.239999999999999547e-01,0.000000000000000000e+00
-8.219999999999999529e-01,-4.000000000000000083e-02
-8.199999999999999512e-01,0.000000000000000000e+00
-8.179999999999999494e-01,-4.000000000000000083e-02
-8.159999999999999476e-01,-4.000000000000000083e-02
-8.139999999999999458e-01,0.000000000000000000e+00
-8.119999999999999440e-01,-4.000000000000000083e-02
-8.099999999999999423e-01,0.000000000000000000e+00
-8.079999999999999405e-01,-4.000000000000000083e-02
-8.059999999999999387e-01,0.000000000000000000e+00
-8.039999999999999369e-01,-4.000000000000000083e-02
-8.019999999999999352e-01,0.000000000000000000e+00
-7.999999999999999334e-01,-4.000000000000000083e-02
-7.979999999999999316e-01,0.000000000000000000e+00
-7.959999999999999298e-01,-4.000000000000000083e-02
-7.939999999999999281e-01,0.000000000000000000e+00
-7.919999999999999263e-01,-4.000000000000000083e-02
-7.899999999999999245e-01,0.000000000000000000e+00
-7.879999999999999227e-01,0.000000000000000000e+00
-7.859999999999999210e-01,-4.000000000000000083e-02
-7.839999999999999192e-01,-4.000000000000000083e-02
-7.820000000000000284e-01,0.000000000000000000e+00
-7.800000000000000266e-01,-4.000000000000000083e-02
-7.780000000000000249e-01,0.000000000000000000e+00
-7.760000000000000231e-01,0.000000000000000000e+00
-7.740000000000000213e-01,-4.000000000000000083e-02
-7.720000000000000195e-01,-4.000000000000000083e-02
-7.700000000000000178e-01,0.000000000000000000e+00
-7.680000000000000160e-01,-4.000000000000000083e-02
-7.660000000000000142e-01,0.000000000000000000e+00
-7.640000000000000124e-01,0.000000000000000000e+00
-7.620000000000000107e-01,-4.000000000000000083e-02
-7.600000000000000089e-01,0.000000000000000000e+00
-7.580000000000000071e-01,-4.000000000000000083e-02
-7.560000000000000053e-01,-4.000000000000000083e-02
-7.540000000000000036e-01,0.000000000000000000e+00
-7.520000000000000018e-01,0.000000000000000000e+00
-7.500000000000000000e-01,-4.000000000000000083e-02
-7.479999999999999982e-01,-4.000000000000000083e-02
-7.459999999999999964e-01,0.000000000000000000e+00
-7.439999999999999947e-01,0.000000000000000000e+00
-7.419999999999999929e-01,-4.000000000000000083e-02
-7.399999999999999911e-01,-4.000000000000000083e-02
-7.379999999999999893e-01,0.000000000000000000e+00
-7.359999999999999876e-01,-4.000000000000000083e-02
-7.339999999999999858e-01,0.000000000000000000e+00
-7.319999999999999840e-01,0.000000000000000000e+00
-7.299999999999999822e-01,-4.000000000000000083e-02
-7.279999999999999805e-01,-4.000000000000000083e-02
-7.259999999999999787e-01,0.000000000000000000e+00
-7.239999999999999769e-01,-4.000000000000000083e-02
-7.219999999999999751e-01,0.000000000000000000e+00
-7.199999999999999734e-01,-4.000000000000000083e-02
-7.179999999999999716e-01,0.000000000000000000e+00
-7.159999999999999698e-01,-4.000000000000000083e-02
-7.139999999999999680e-01,0.000000000000000000e+00
-7.119999999999999662e-01,-4.000000000000000083e-02
-7.099999999999999645e-01,0.000000000000000000e+00
-7.079999999999999627e-01,-4.000000000000000083e-02
-7.059999999999999609e-01,0.000000000000000000e+00
-7.039999999999999591e-01,-4.000000000000000083e-02
-7.019999999999999574e-01,0.000000000000000000e+00
-6.999999999999999556e-01,-4.000000000000000083e-02
-6.979999999999999538e-01,0.000000000000000000e+00
-6.959999999999999520e-01,0.000000000000000000e+00
-6.939999999999999503e-01,-4.000000000000000083e-02
-6.919999999999999485e-01,0.000000000000000000e+00
-6.899999999999999467e-01,-4.000000000000000083e-02
-6.879999999999999449e-01,0.000000000000000000e+00
-6.859999999999999432e-01,-4.000000000000000083e-02
-6.839999999999999414e-01,-4.000000000000000083e-02
-6.819999999999999396e-01,0.000000000000000000e+00
-6.799999999999999378e-01,0.000000000000000000e+00
-6.779999999999999361e-01,-4.000000000000000083e-02
-6.759999999999999343e-01,-4.000000000000000083e-02
-6.739999999999999325e-01,0.000000000000000000e+00
-6.719999999999999307e-01,-4.000000000000000083e-02
-6.699999999999999289e-01,0.000000000000000000e+00
-6.679999999999999272e-01,-4.000000000000000083e-02
-6.659999999999999254e-01,0.000000000000000000e+00
-6.639999999999999236e-01,-4.000000000000000083e-02
-6.619999999999999218e-01,0.000000000000000000e+00
-6.599999999999999201e-01,-4.000000000000000083e-02
-6.579999999999999183e-01,0.000000000000000000e+00
-6.559999999999999165e-01,0.000000000000000000e+00
-6.539999999999999147e-01,-4.000000000000000083e-02
-6.519999999999999130e-01,-4.000000000000000083e-02
-6.499999999999999112e-01,0.000000000000000000e+00
-6.479999999999999094e-01,0.000000000000000000e+00
-6.459999999999999076e-01,-4.000000000000000083e-02
-6.439999999999999059e-01,-4.000000000000000083e-02
-6.419999999999999041e-01,0.000000000000000000e+00
-6.399999999999999023e-01,-4.000000000000000083e-02
-6.379999999999999005e-01,0.000000000000000000e+00
-6.359999999999998987e-01,-4.000000000000000083e-02
-6.339999999999998970e-01,0.000000000000000000e+00
-6.319999999999998952e-01,-4.000000000000000083e-02
-6.299999999999998934e-01,0.000000000000000000e+00
-6.279999999999998916e-01,-4.000000000000000083e-02
-6.259999999999998899e-01,0.000000000000000000e+00
-6.239999999999998881e-01,0.000000000000000000e+00
-6.219999999999999973e-01,-4.000000000000000083e-02
-6.199999999999999956e-01,0.000000000000000000e+00
-6.179999999999999938e-01,-4.000000000000000083e-02
-6.159999999999999920e-01,0.000000000000000000e+00
-6.139999999999999902e-01,-4.000000000000000083e-02
-6.119999999999999885e-01,-4.000000000000000083e-02
-6.099999999999999867e-01,0.000000000000000000e+00
-6.079999999999999849e-01,0.000000000000000000e+00
-6.059999999999999831e-01,-4.000000000000000083e-02
-6.039999999999999813e-01,-4.000000000000000083e-02
-6.019999999999999796e-01,0.000000000000000000e+00
-5.999999999999999778e-01,-4.000000000000000083e-02
-5.979999999999999760e-01,0.000000000000000000e+00
-5.959999999999999742e-01,0.000000000000000000e+00
-5.939999999999999725e-01,-4.000000000000000083e-02
-5.919999999999999707e-01,-4.000000000000000083e-02
-5.899999999999999689e-01,0.000000000000000000e+00
-5.879999999999999671e-01,-4.000000000000000083e-02
-5.859999999999999654e-01,0.000000000000000000e+00
-5.839999999999999636e-01,-4.000000000000000083e-02
-5.819999999999999618e-01,0.000000000000000000e+00
-5.799999999999999600e-01,0.000000000000000000e+00
-5.779999999999999583e-01,-4.000000000000000083e-02
-5.759999999999999565e-01,-4.000000000000000083e-02
-5.739999999999999547e-01,0.000000000000000000e+00
-5.719999999999999529e-01,0.000000000000000000e+00
-5.699999999999999512e-01,-4.000000000000000083e-02
-5.679999999999999494e-01,0.000000000000000000e+00
-5.659999999999999476e-01,-4.000000000000000083e-02
-5.639999999999999458e-01,-4.000000000000000083e-02
-5.619999999999999440e-01,0.000000000000000000e+00
-5.599999999999999423e-01,-4.000000000000000083e-02
-5.579999999999999405e-01,0.000000000000000000e+00
-5.559999999999999387e-01,-4.000000000000000083e-02
-5.539999999999999369e-01,0.000000000000000000e+00
-5.519999999999999352e-01,-4.000000000000000083e-02
-5.499999999999999334e-01,0.000000000000000000e+00
-5.479999999999999316e-01,0.000000000000000000e+00
-5.459999999999999298e-01,-4.000000000000000083e-02
-5.439999999999999281e-01,-4.000000000000000083e-02
-5.419999999999999263e-01,0.000000000000000000e+00
-5.399999999999999245e-01,-4.000000000000000083e-02
-5.379999999999999227e-01,0.000000000000000000e+00
-5.359999999999999210e-01,-4.000000000000000083e-02
-5.339999999999999192e-01,0.000000000000000000e+00
-5.319999999999999174e-01,-4.000000000000000083e-02
-5.299999999999999156e-01,0.000000000000000000e+00
-5.279999999999999138e-01,-4.000000000000000083e-02
-5.259999999999999121e-01,0.000000000000000000e+00
-5.239999999999999103e-01,0.000000000000000000e+00
-5.219999999999999085e-01,-4.000000000000000083e-02
-5.199999999999999067e-01,-4.000000000000000083e-02
-5.179999999999999050e-01,0.000000000000000000e+00
-5.159999999999999032e-01,0.000000000000000000e+00
-5.139999999999999014e-01,-4.000000000000000083e-02
-5.119999999999998996e-01,0.000000000000000000e+00
-5.099999999999998979e-01,-4.000000000000000083e-02
-5.079999999999998961e-01,0.000000000000000000e+00
-5.059999999999998943e-01,-4.000000000000000083e-02
-5.039999999999998925e-01,-4.000000000000000083e-02
-5.019999999999998908e-01,0.000000000000000000e+00
-4.999999999999998890e-01,-4.000000000000000083e-02
-4.979999999999998872e-01,0.000000000000000000e+00
-4.959999999999999964e-01,-4.000000000000000083e-02
-4.939999999999999947e-01,0.000000000000000000e+00
-4.919999999999999929e-01,-4.000000000000000083e-02
-4.899999999999999911e-01,0.000000000000000000e+00
-4.879999999999999893e-01,0.000000000000000000e+00
-4.859999999999999876e-01,-4.000000000000000083e-02
-4.839999999999999858e-01,-4.000000000000000083e-02
-4.819999999999999840e-01,0.000000000000000000e+00
-4.799999999999999822e-01,-4.000000000000000083e-02
-4.779999999999999805e-01,0.000000000000000000e+00
-4.759999999999999787e-01,-4.000000000000000083e-02
-4.739999999999999769e-01,0.000000000000000000e+00
-4.719999999999999751e-01,0.000000000000000000e+00
-4.699999999999999734e-01,-4.000000000000000083e-02
-4.679999999999999716e-01,-4.000000000000000083e-02
-4.659999999999999698e-01,0.000000000000000000e+00
-4.639999999999999680e-01,-4.000000000000000083e-02
-4.619999999999999662e-01,0.000000000000000000e+00
-4.599999999999999645e-01,0.000000000000000000e+00
-4.579999999999999627e-01,-4.000000000000000083e-02
-4.559999999999999609e-01,-4.000000000000000083e-02
-4.539999999999999591e-01,0.000000000000000000e+00
-4.519999999999999574e-01,0.000000000000000000e+00
-4.499999999999999556e-01,-4.000000000000000083e-02
-4.479999999999999538e-01,-4.000000000000000083e-02
-4.459999999999999520e-01,0.000000000000000000e+00
-4.439999999999999503e-01,-4.000000000000000083e-02
-4.419999999999999485e-01,0.000000000000000000e+00
-4.399999999999999467e-01,-4.000000000000000083e-02
-4.379999999999999449e-01,0.000000000000000000e+00
-4.359999999999999432e-01,-4.000000000000000083e-02
-4.339999999999999414e-01,0.000000000000000000e+00
-4.319999999999999396e-01,-4.000000000000000083e-02
-4.299999999999999378e-01,0.000000000000000000e+00
-4.279999999999999361e-01,-4.000000000000000083e-02
-4.259999999999999343e-01,0.000000000000000000e+00
-4.239999999999999325e-01,-4.000000000000000083e-02
-4.219999999999999307e-01,0.000000000000000000e+00
-4.199999999999999289e-01,0.000000000000000000e+00
-4.179999999999999272e-01,-4.000000000000000083e-02
-4.159999999999999254e-01,-4.000000000000000083e-02
-4.139999999999999236e-01,0.000000000000000000e+00
-4.119999999999999218e-01,-4.000000000000000083e-02
-4.099999999999999201e-01,0.000000000000000000e+00
-4.079999999999999183e-01,-4.000000000000000083e-02
-4.059999999999999165e-01,0.000000000000000000e+00
-4.039999999999999147e-01,-4.000000000000000083e-02
-4.019999999999999130e-01,0.000000000000000000e+00
-3.999999999999999112e-01,0.000000000000000000e+00
-3.979999999999999094e-01,-4.000000000000000083e-02
-3.959999999999999076e-01,-4.000000000000000083e-02
-3.939999999999999059e-01,0.000000000000000000e+00
-3.919999999999999041e-01,-4.000000000000000083e-02
-3.899999999999999023e-01,0.000000000000000000e+00
-3.879999999999999005e-01,0.000000000000000000e+00
-3.859999999999998987e-01,-4.000000000000000083e-02
-3.839999999999998970e-01,0.000000000000000000e+00
-3.819999999999998952e-01,-4.000000000000000083e-02
-3.799999999999998934e-01,-4.000000000000000083e-02
-3.779999999999998916e-01,0.000000000000000000e+00
-3.759999999999998899e-01,-4.000000000000000083e-02
-3.739999999999998881e-01,0.000000000000000000e+00
-3.719999999999998863e-01,-4.000000000000000083e-02
-3.699999999999998845e-01,0.000000000000000000e+00
-3.679999999999998828e-01,-4.000000000000000083e-02
-3.659999999999999920e-01,0.000000000000000000e+00
-3.639999999999999902e-01,-4.000000000000000083e-02
-3.619999999999999885e-01,0.000000000000000000e+00
-3.599999999999999867e-01,-4.000000000000000083e-02
-3.579999999999999849e-01,0.000000000000000000e+00
-3.559999999999999831e-01,-4.000000000000000083e-02
-3.539999999999999813e-01,0.000000000000000000e+00
-3.519999999999999796e-01,-4.000000000000000083e-02
-3.499999999999999778e-01,0.000000000000000000e+00
-3.479999999999999760e-01,-4.000000000000000083e-02
-3.459999999999999742e-01,0.000000000000000000e+00
-3.439999999999999725e-01,0.000000000000000000e+00
-3.419999999999999707e-01,-4.000000000000000083e-02
-3.399999999999999689e-01,0.000000000000000000e+00
-3.379999999999999671e-01,-4.000000000000000083e-02
-3.359999999999999654e-01,-4.000000000000000083e-02
-3.339999999999999636e-01,0.000000000000000000e+00
-3.319999999999999618e-01,-4.000000000000000083e-02
-3.299999999999999600e-01,0.000000000000000000e+00
-3.279999999999999583e-01,-4.000000000000000083e-02
-3.259999999999999565e-01,0.000000000000000000e+00
-3.239999999999999547e-01,0.000000000000000000e+00
-3.219999999999999529e-01,-4.000000000000000083e-02
-3.199999999999999512e-01,0.000000000000000000e+00
-3.179999999999999494e-01,-4.000000000000000083e-02
-3.159999999999999476e-01,-4.000000000000000083e-02
-3.139999999999999458e-01,0.000000000000000000e+00
-3.119999999999999440e-01,0.000000000000000000e+00
-3.099999999999999423e-01,-4.000000000000000083e-02
-3.079999999999999405e-01,0.000000000000000000e+00
-3.059999999999999387e-01,-4.000000000000000083e-02
-3.039999999999999369e-01,0.000000000000000000e+00
-3.019999999999999352e-01,-4.000000000000000083e-02
-2.999999999999999334e-01,-4.000000000000000083e-02
-2.979999999999999316e-01,0.000000000000000000e+00
-2.959999999999999298e-01,0.000000000000000000e+00
-2.939999999999999281e-01,-4.000000000000000083e-02
-2.919999999999999263e-01,0.000000000000000000e+00
-2.899999999999999245e-01,-4.000000000000000083e-02
-2.879999999999999227e-01,-4.000000000000000083e-02
-2.859999999999999210e-01,0.000000000000000000e+00
-2.839999999999999192e-01,-4.000000000000000083e-02
-2.819999999999999174e-01,0.000000000000000000e+00
-2.799999999999999156e-01,-4.000000000000000083e-02
-2.779999999999999138e-01,0.000000000000000000e+00
-2.759999999999999121e-01,0.000000000000000000e+00
-2.739999999999999103e-01,-4.000000000000000083e-02
-2.719999999999999085e-01,-4.000000000000000083e-02
-2.699999999999999067e-01,0.000000000000000000e+00
-2.679999999999999050e-01,-4.000000000000000083e-02
-2.659999999999999032e-01,0.000000000000000000e+00
-2.639999999999999014e-01,-4.000000000000000083e-02
-2.619999999999998996e-01,0.000000000000000000e+00
-2.599999999999998979e-01,0.000000000000000000e+00
-2.579999999999998961e-01,-4.000000000000000083e-02
-2.559999999999998943e-01,-4.000000000000000083e-02
-2.539999999999998925e-01,0.000000000000000000e+00
-2.519999999999998908e-01,0.000000000000000000e+00
-2.499999999999998890e-01,-4.000000000000000083e-02
-2.479999999999998872e-01,-4.000000000000000083e-02
-2.459999999999998854e-01,0.000000000000000000e+00
-2.439999999999998836e-01,0.000000000000000000e+00
-2.419999999999998819e-01,-4.000000000000000083e-02
-2.399999999999999911e-01,-4.000000000000000083e-02
-2.379999999999999893e-01,0.000000000000000000e+00
-2.359999999999999876e-01,-4.000000000000000083e-02
-2.339999999999999858e-01,0.000000000000000000e+00
-2.319999999999999840e-01,0.000000000000000000e+00
-2.299999999999999822e-01,-4.000000000000000083e-02
-2.279999999999999805e-01,0.000000000000000000e+00
-2.259999999999999787e-01,-4.000000000000000083e-02
-2.239999999999999769e-01,-4.000000000000000083e-02
-2.219999999999999751e-01,0.000000000000000000e+00
-2.199999999999999734e-01,0.000000000000000000e+00
-2.179999999999999716e-01,-4.000000000000000083e-02
-2.159999999999999698e-01,-4.000000000000000083e-02
-2.139999999999999680e-01,0.000000000000000000e+00
-2.119999999999999662e-01,0.000000000000000000e+00
-2.099999999999999645e-01,-4.000000000000000083e-02
-2.079999999999999627e-01,-4.000000000000000083e-02
-2.059999999999999609e-01,0.000000000000000000e+00
-2.039999999999999591e-01,0.000000000000000000e+00
-2.019999999999999574e-01,-4.000000000000000083e-02
-1.999999999999999556e-01,-4.000000000000000083e-02
-1.979999999999999538e-01,0.000000000000000000e+00
-1.959999999999999520e-01,-4.000000000000000083e-02
-1.939999999999999503e-01,0.000000000000000000e+00
-1.919999999999999485e-01,-4.000000000000000083e-02
-1.899999999999999467e-01,0.000000000000000000e+00
-1.879999999999999449e-01,-4.000000000000000083e-02
-1.859999999999999432e-01,0.000000000000000000e+00
-1.839999999999999414e-01,-4.000000000000000083e-02
-1.819999999999999396e-01,0.000000000000000000e+00
-1.799999999999999378e-01,-4.000000000000000083e-02
-1.779999999999999361e-01,0.000000000000000000e+00
-1.759999999999999343e-01,-4.000000000000000083e-02
-1.739999999999999325e-01,0.000000000000000000e+00
-1.719999999999999307e-01,0.000000000000000000e+00
-1.699999999999999289e-01,-4.000000000000000083e-02
-1.679999999999999272e-01,0.000000000000000000e+00
-1.659999999999999254e-01,-4.000000000000000083e-02
-1.639999999999999236e-01,0.000000000000000000e+00
-1.619999999999999218e-01,-4.000000000000000083e-02
-1.599999999999999201e-01,0.000000000000000000e+00
-1.579999999999999183e-01,-4.000000000000000083e-02
-1.559999999999999165e-01,-4.000000000000000083e-02
-1.539999999999999147e-01,0.000000000000000000e+00
-1.519999999999999130e-01,0.000000000000000000e+00
-1.499999999999999112e-01,-4.000000000000000083e-02
-1.479999999999999094e-01,0.000000000000000000e+00
-1.459999999999999076e-01,-4.000000000000000083e-02
-1.439999999999999059e-01,-4.000000000000000083e-02
-1.419999999999999041e-01,0.000000000000000000e+00
-1.399999999999999023e-01,-4.000000000000000083e-02
-1.379999999999999005e-01,0.000000000000000000e+00
-1.359999999999998987e-01,-4.000000000000000083e-02
-1.339999999999998970e-01,0.000000000000000000e+00
-1.319999999999998952e-01,0.000000000000000000e+00
-1.299999999999998934e-01,-4.000000000000000083e-02
-1.279999999999998916e-01,-4.000000000000000083e-02
-1.259999999999998899e-01,0.000000000000000000e+00
-1.239999999999998881e-01,-4.000000000000000083e-02
-1.219999999999998863e-01,0.000000000000000000e+00
-1.199999999999998845e-01,-4.000000000000000083e-02
-1.179999999999998828e-01,0.000000000000000000e+00
-1.159999999999998810e-01,0.000000000000000000e+00
-1.139999999999998792e-01,-4.000000000000000083e-02
-1.119999999999998774e-01,-4.000000000000000083e-02
-1.099999999999998757e-01,0.000000000000000000e+00
-1.079999999999998739e-01,-4.000000000000000083e-02
-1.059999999999998721e-01,0.000000000000000000e+00
-1.039999999999998703e-01,0.000000000000000000e+00
-1.019999999999998685e-01,-4.000000000000000083e-02
-9.999999999999986677e-02,-4.000000000000000083e-02
-9.799999999999986500e-02,0.000000000000000000e+00
-9.599999999999986322e-02,-4.000000000000000083e-02
-9.399999999999986144e-02,0.000000000000000000e+00
-9.199999999999985967e-02,-4.000000000000000083e-02
-8.999999999999985789e-02,0.000000000000000000e+00
-8.799999999999985612e-02,0.000000000000000000e+00
-8.599999999999985434e-02,-4.000000000000000083e-02
-8.399999999999985256e-02,-4.000000000000000083e-02
-8.199999999999985079e-02,0.000000000000000000e+00
-7.999999999999984901e-02,-4.000000000000000083e-02
-7.799999999999984723e-02,0.000000000000000000e+00
-7.599999999999984546e-02,0.000000000000000000e+00
-7.399999999999984368e-02,-4.000000000000000083e-02
-7.199999999999984190e-02,-4.000000000000000083e-02
-6.999999999999984013e-02,0.000000000000000000e+00
-6.799999999999983835e-02,-4.000000000000000083e-02
-6.599999999999983658e-02,0.000000000000000000e+00
-6.399999999999983480e-02,0.000000000000000000e+00
-6.199999999999983302e-02,-4.000000000000000083e-02
-5.999999999999983125e-02,-4.000000000000000083e-02
-5.799999999999982947e-02,0.000000000000000000e+00
-5.599999999999982769e-02,0.000000000000000000e+00
-5.399999999999982592e-02,-4.000000000000000083e-02
-5.199999999999982414e-02,-4.000000000000000083e-02
-4.999999999999982236e-02,0.000000000000000000e+00
-4.799999999999982059e-02,0.000000000000000000e+00
-4.600000000000004086e-02,-4.000000000000000083e-02
-4.400000000000003908e-02,-4.000000000000000083e-02
-4.200000000000003730e-02,0.000000000000000000e+00
-4.000000000000003553e-02,0.000000000000000000e+00
-3.800000000000003375e-02,-4.000000000000000083e-02
-3.600000000000003197e-02,0.000000000000000000e+00
-3.400000000000003020e-02,-4.000000000000000083e-02
-3.200000000000002842e-02,-4.000000000000000083e-02
-3.000000000000002665e-02,0.000000000000000000e+00
-2.800000000000002487e-02,-4.000000000000000083e-02
-2.600000000000002309e-02,0.000000000000000000e+00
-2.400000000000002132e-02,-4.000000000000000083e-02
-2.200000000000001954e-02,0.000000000000000000e+00
-2.000000000000001776e-02,-4.000000000000000083e-02
-1.800000000000001599e-02,0.000000000000000000e+00
-1.600000000000001421e-02,-4.000000000000000083e-02
-1.400000000000001243e-02,0.000000000000000000e+00
-1.200000000000001066e-02,-4.000000000000000083e-02
-1.000000000000000888e-02,0.000000000000000000e+00
-8.000000000000007105e-03,0.000000000000000000e+00
-6.000000000000005329e-03,-4.000000000000000083e-02
-4.000000000000003553e-03,-4.000000000000000083e-02
-2.000000000000001776e-03,0.000000000000000000e+00
0.000000000000000000e+00,-4.000000000000000083e-02
2.000000000000001776e-03,0.000000000000000000e+00
4.000000000000003553e-03,-4.000000000000000083e-02
6.000000000000005329e-03,0.000000000000000000e+00
8.000000000000007105e-03,0.000000000000000000e+00
1.000000000000000888e-02,-4.000000000000000083e-02
1.200000000000001066e-02,-4.000000000000000083e-02
1.400000000000001243e-02,0.000000000000000000e+00
1.600000000000001421e-02,-4.000000000000000083e-02
1.800000000000001599e-02,0.000000000000000000e+00
2.000000000000001776e-02,0.000000000000000000e+00
2.200000000000001954e-02,-4.000000000000000083e-02
2.400000000000002132e-02,0.000000000000000000e+00
2.600000000000002309e-02,-4.000000000000000083e-02
2.800000000000002487e-02,-4.000000000000000083e-02
3.000000000000002665e-02,0.000000000000000000e+00
3.200000000000002842e-02,0.000000000000000000e+00
3.400000000000003020e-02,-4.000000000000000083e-02
3.600000000000003197e-02,-4.000000000000000083e-02
3.800000000000003375e-02,0.000000000000000000e+00
4.000000000000003553e-02,-4.000000000000000083e-02
4.200000000000003730e-02,0.000000000000000000e+00
4.400000000000003908e-02,0.000000000000000000e+00
4.600000000000004086e-02,-4.000000000000000083e-02
4.800000000000004263e-02,0.000000000000000000e+00
5.000000000000004441e-02,-4.000000000000000083e-02
5.200000000000004619e-02,-4.000000000000000083e-02
5.400000000000004796e-02,0.000000000000000000e+00
5.600000000000004974e-02,-4.000000000000000083e-02
5.800000000000005151e-02,0.000000000000000000e+00
6.000000000000005329e-02,-4.000000000000000083e-02
6.200000000000005507e-02,0.000000000000000000e+00
6.400000000000005684e-02,-4.000000000000000083e-02
6.600000000000005862e-02,0.000000000000000000e+00
6.800000000000006040e-02,-4.000000000000000083e-02
7.000000000000006217e-02,0.000000000000000000e+00
7.200000000000006395e-02,0.000000000000000000e+00
7.400000000000006573e-02,-4.000000000000000083e-02
7.600000000000006750e-02,-4.000000000000000083e-02
7.800000000000006928e-02,0.000000000000000000e+00
8.000000000000007105e-02,0.000000000000000000e+00
8.200000000000007283e-02,-4.000000000000000083e-02
8.400000000000007461e-02,-4.000000000000000083e-02
8.600000000000007638e-02,0.000000000000000000e+00
8.800000000000007816e-02,-4.000000000000000083e-02
9.000000000000007994e-02,0.000000000000000000e+00
9.200000000000008171e-02,-4.000000000000000083e-02
9.400000000000008349e-02,0.000000000000000000e+00
9.600000000000008527e-02,0.000000000000000000e+00
9.800000000000008704e-02,-4.000000000000000083e-02
1.000000000000000888e-01,0.000000000000000000e+00
1.020000000000000906e-01,-4.000000000000000083e-02
1.040000000000000924e-01,-4.000000000000000083e-02
1.060000000000000941e-01,0.000000000000000000e+00
1.080000000000000959e-01,-4.000000000000000083e-02
1.100000000000000977e-01,0.000000000000000000e+00
1.120000000000000995e-01,0.000000000000000000e+00
1.140000000000001013e-01,-4.000000000000000083e-02
1.160000000000001030e-01,0.000000000000000000e+00
1.180000000000001048e-01,-4.000000000000000083e-02
1.200000000000001066e-01,-4.000000000000000083e-02
1.220000000000001084e-01,0.000000000000000000e+00
1.240000000000001101e-01,0.000000000000000000e+00
1.260000000000001119e-01,-4.000000000000000083e-02
1.280000000000001137e-01,-4.000000000000000083e-02
1.300000000000001155e-01,0.000000000000000000e+00
1.320000000000001172e-01,-4.000000000000000083e-02
1.340000000000001190e-01,0.000000000000000000e+00
1.360000000000001208e-01,0.000000000000000000e+00
1.380000000000001226e-01,-4.000000000000000083e-02
1.400000000000001243e-01,-4.000000000000000083e-02
1.420000000000001261e-01,0.000000000000000000e+00
1.440000000000001279e-01,-4.000000000000000083e-02
1.460000000000001297e-01,0.000000000000000000e+00
1.480000000000001315e-01,0.000000000000000000e+00
1.500000000000001332e-01,-4.000000000000000083e-02
1.520000000000001350e-01,-4.000000000000000083e-02
1.540000000000001368e-01,0.000000000000000000e+00
1.560000000000001386e-01,-4.000000000000000083e-02
1.580000000000001403e-01,0.000000000000000000e+00
1.600000000000001421e-01,-4.000000000000000083e-02
1.620000000000001439e-01,0.000000000000000000e+00
1.640000000000001457e-01,-4.000000000000000083e-02
1.660000000000001474e-01,0.000000000000000000e+00
1.680000000000001492e-01,-4.000000000000000083e-02
1.700000000000001510e-01,0.000000000000000000e+00
1.720000000000001528e-01,-4.000000000000000083e-02
1.740000000000001545e-01,0.000000000000000000e+00
1.760000000000001563e-01,0.000000000000000000e+00
1.780000000000001581e-01,-4.000000000000000083e-02
1.800000000000001599e-01,-4.000000000000000083e-02
1.820000000000001616e-01,0.000000000000000000e+00
1.840000000000001634e-01,-4.000000000000000083e-02
1.860000000000001652e-01,0.000000000000000000e+00
1.880000000000001670e-01,0.000000000000000000e+00
1.900000000000001688e-01,-4.000000000000000083e-02
1.920000000000001705e-01,0.000000000000000000e+00
1.940000000000001723e-01,-4.000000000000000083e-02
1.960000000000001741e-01,-4.000000000000000083e-02
1.980000000000001759e-01,0.000000000000000000e+00
2.000000000000001776e-01,0.000000000000000000e+00
2.020000000000001794e-01,-4.000000000000000083e-02
2.040000000000001812e-01,-4.000000000000000083e-02
2.060000000000001830e-01,0.000000000000000000e+00
2.079999999999999627e-01,0.000000000000000000e+00
2.099999999999999645e-01,-4.000000000000000083e-02
2.119999999999999662e-01,0.000000000000000000e+00
2.139999999999999680e-01,-4.000000000000000083e-02
2.159999999999999698e-01,0.000000000000000000e+00
2.179999999999999716e-01,-4.000000000000000083e-02
2.199999999999999734e-01,0.000000000000000000e+00
2.219999999999999751e-01,-4.000000000000000083e-02
2.239999999999999769e-01,0.000000000000000000e+00
2.259999999999999787e-01,-4.000000000000000083e-02
2.279999999999999805e-01,0.000000000000000000e+00
2.299999999999999822e-01,-4.000000000000000083e-02
2.319999999999999840e-01,-4.000000000000000083e-02
2.339999999999999858e-01,0.000000000000000000e+00
2.359999999999999876e-01,-4.000000000000000083e-02
2.379999999999999893e-01,0.000000000000000000e+00
2.399999999999999911e-01,0.000000000000000000e+00
2.419999999999999929e-01,-4.000000000000000083e-02
2.439999999999999947e-01,-4.000000000000000083e-02
2.459999999999999964e-01,0.000000000000000000e+00
2.479999999999999982e-01,-4.000000000000000083e-02
2.500000000000000000e-01,0.000000000000000000e+00
2.520000000000000018e-01,0.000000000000000000e+00
2.540000000000000036e-01,-4.000000000000000083e-02
2.560000000000000053e-01,-4.000000000000000083e-02
2.580000000000000071e-01,0.000000000000000000e+00
2.600000000000000089e-01,-4.000000000000000083e-02
2.620000000000000107e-01,0.000000000000000000e+00
2.640000000000000124e-01,-4.000000000000000083e-02
2.660000000000000142e-01,0.000000000000000000e+00
2.680000000000000160e-01,-4.000000000000000083e-02
2.700000000000000178e-01,0.000000000000000000e+00
2.720000000000000195e-01,0.000000000000000000e+00
2.740000000000000213e-01,-4.000000000000000083e-02
2.760000000000000231e-01,0.000000000000000000e+00
2.780000000000000249e-01,-4.000000000000000083e-02
2.800000000000000266e-01,-4.000000000000000083e-02
2.820000000000000284e-01,0.000000000000000000e+00
2.840000000000000302e-01,0.000000000000000000e+00
2.860000000000000320e-01,-4.000000000000000083e-02
2.880000000000000338e-01,-4.000000000000000083e-02
2.900000000000000355e-01,0.000000000000000000e+00
2.920000000000000373e-01,-4.000000000000000083e-02
2.940000000000000391e-01,0.000000000000000000e+00
2.960000000000000409e-01,0.000000000000000000e+00
2.980000000000000426e-01,-4.000000000000000083e-02
3.000000000000000444e-01,0.000000000000000000e+00
3.020000000000000462e-01,-4.000000000000000083e-02
3.040000000000000480e-01,0.000000000000000000e+00
3.060000000000000497e-01,-4.000000000000000083e-02
3.080000000000000515e-01,0.000000000000000000e+00
3.100000000000000533e-01,-4.000000000000000083e-02
3.120000000000000551e-01,-4.000000000000000083e-02
3.140000000000000568e-01,0.000000000000000000e+00
3.160000000000000586e-01,-4.000000000000000083e-02
3.180000000000000604e-01,0.000000000000000000e+00
3.200000000000000622e-01,-4.000000000000000083e-02
3.220000000000000639e-01,0.000000000000000000e+00
3.240000000000000657e-01,-4.000000000000000083e-02
3.260000000000000675e-01,0.000000000000000000e+00
3.280000000000000693e-01,0.000000000000000000e+00
3.300000000000000711e-01,-4.000000000000000083e-02
3.320000000000000728e-01,-4.000000000000000083e-02
3.340000000000000746e-01,0.000000000000000000e+00
